coach_name;Status;Currently Coaching;player_name
Vagnozzi, Simone;Active;Jannik Sinner;Sinner Jannik
Cahill, Darren;Active;Jannik Sinner;Sinner Jannik
Acioly, Ricardo;Active;;
Agniel, Arnaud;Active;Adrian Mannarino;Mannarino Adrian
Alarcon, Andres;Active;Luis David Martinez;David Martinez Luis
Alarcon, Andres;Active;Emilio Gomez ;Gomez  Emilio
Allegro, Yves;Active;;
Alonso, Leonardo;Active;Leonardo Mayer;Mayer Leonardo
Altur, Jose;Active;Timofey Skatov;Skatov Timofey
Aneiros, Braen;Active;;
Annacone, Paul;Active;Taylor Fritz;Fritz Taylor
Antonini, Roberto;Active;;
Apell, Jan;Active;;
Arriens, Carsten;Active;Jan-Lennard Struff;Struff Jan-Lennard
Ascione, Thierry;Active;Ugo Humbert;Humbert Ugo
Ascione, Thierry;Active;Lucas Pouille  ;Pouille   Lucas
Azar, Roberto;Active;;
Bachelot, Jean-Francois;Active;;
Balleret, Benjamin;Active;;
Barrett, Aubrey;Active;;
Bates, Jeremy;Active;;
Becker, Boris;Active;;
Benhabiles , Tarik;Active;;
Blanco, Galo;Active;;
Blengino, Fabian;Active;Thiago Monteiro;Monteiro Thiago
Borgula, Boris;Active;Jozef Kovalik;Kovalik Jozef
Bottini, Dante;Active;;
Boynton, Craig;Active;;
Bozoljac, Ilija;Active;;
Bublik, Stanislav;Active;;
Burrieza, Oscar;Active;;
Cahill, Darren;Active;Jannik Sinner;Sinner Jannik
Campos, Mariano;Active;;
Caperchi, Leonardo;Active;;
Carr, Nick;Active;;
Carril-Caso, Esteban;Active;;
Castellani, Alberto;Active;;
Cavaday, Nick;Active;;
Cayer, Louis;Active;Neal Skupski;Skupski Neal
Cayer, Louis;Active;Jamie Murray ;Murray  Jamie
Cervara, Gilles;Active;Daniil Medvedev;Medvedev Daniil
Chang, Michael;Active;Kei Nishikori;Nishikori Kei
Chardy, Jeremy;Active;Ugo Humbert;Humbert Ugo
Checa Calvo, Jose;Active;;
Cinkus, Ivan;Active;Marin Cilic;Cilic Marin
Clar, Pedro;Active;Casper Ruud;Ruud Casper
"Clavet, José Manuel ""Pepo""";Active;Karen Khachanov;Khachanov Karen
"Clavet, Francisco ""Pato""";Active;;
Coetzee, Jeff;Active; Joran Vliegen;Joran Vliegen 
Coetzee, Jeff;Active;Sander Gille ;Gille  Sander
Collins, David;Active;Max Basing;Basing Max
Collins, David;Active;Michael Venus ;Venus  Michael
Collins, David;Active;John Peers ;Peers  John
Costa, Albert;Active;;
Crivoi, Victor;Active;;
Dahlbo, Hakan;Active;Antonio Veic;Veic Antonio
Daibert, Hugo Streit;Active;Bruno Soares;Soares Bruno
Dancevic, Frank;Active;;
Davidoff, Scott;Active;Rohan Bopanna;Bopanna Rohan
Davidson, James;Active;;
Davin, Franco;Active;;
Davis, Robert;Active; Ze Zhang;Ze Zhang 
Davis, Robert;Active;Aisam-Ul-Haq Qureshi;Qureshi Aisam-Ul-Haq
De Jager, John-Laffnie;Active;;
De Kock, Stephan;Active;Petros Tsitsipas;Tsitsipas Petros
De Witt, Jan;Active;Rudolf Molleker;Molleker Rudolf
Delgado, Ramon;Active;;
Delgado, Jamie;Active;;
Demeroutis, Jean (Yannis);Active;;
Dinomo, Diego;Active;Fernando Verdasco;Verdasco Fernando
Dodig, Mladen;Active;Ivan Dodig;Dodig Ivan
Eagle, Joshua;Active;;
Esparcia, Juan Manuel;Active;;
Etlis, Gaston;Active;Guillermo Duran;Duran Guillermo
Etlis, Gaston;Active;Guido Andreozzi;Andreozzi Guido
Fabbri, Alejandro;Active;Diego Schwartzman;Schwartzman Diego
Fabregas, Cesar;Active;;
Farmer, Philip;Active;Hans Hach Verdugo;Hach Verdugo Hans
Farmer, Philip;Active;Austin Krajicek ;Krajicek  Austin
Farmer, Philip;Active;John Isner ;Isner  John
Farrington, John B.;Active;Austin Krajicek;Krajicek Austin
Fehske, Stephan;Active;;
Ferrero, Juan Carlos;Active;Carlos Alcaraz;Alcaraz Carlos
Fontang, Frederic;Active;Felix Auger-Aliassime;Auger-Aliassime Felix
Fontanot, Jean-Luc;Active;;
Freyss, Christophe;Active;;
Garma, Othmane;Active;Treat Huey;Huey Treat
Gimeno, Daniel;Active;Roberto Bautista Agut;Bautista Agut Roberto
Godwin, Neville;Active;;
Goldfine, Dean;Active;Patrick Kypson;Kypson Patrick
Goldfine, Dean;Active;Sebastian Korda;Korda Sebastian
Gomez Ferre, Carlos;Active;;
Gonzalez, Pablo;Active;;
Gorietti, Fabio;Active; Luca Vanni;Luca Vanni 
Gorietti, Fabio;Active;Stefano Travaglia;Travaglia Stefano
Gorriz, Marcos;Active;;
Gottfried, Brian;Active;;
Grinovero, Walter;Active;Tomas Martin Etcheverry;Martin Etcheverry Tomas
Groeneveld, Sven;Active;;
Groh, Christian;Active;;
Grosjean, Sebastien;Active;;
Gutierrez Ferrol, Adolfo;Active; Sergio Gutierrez-Ferrol;Sergio Gutierrez-Ferrol 
Gutierrez Ferrol, Adolfo;Active;Alex de Minaur ;de Minaur  Alex
Heiser, Billy;Active;Dominik Koepfer;Koepfer Dominik
Hervet, Jacques;Active;;
Hilton, Mark;Active;;
Hrbaty, Dominik;Active;;
Ivanisevic, Goran;Active;;
Jones, Kelly;Active;;
Junqueira, Diego;Active;Juan Pablo Varillas;Pablo Varillas Juan
Kardon, Craig;Active;;
Kazijevs, Arturs;Active;;
Kirmayr, Carlos;Active;;
Knowle, Julian;Active;Marc-Andrea Huesler;Huesler Marc-Andrea
Koenig, Robbie;Active;;
Korda, Petr;Active;Sebastian Korda;Korda Sebastian
Kroes, Marco;Active;;
Kuhnen, Patrik;Active;;
Kukushkina, Anastasia;Active;;
Lafaix, Ronan;Active;;
Langenbach, Klaus;Active;Julian Lenz;Lenz Julian
Langman, Todd;Active;Thanasi Kokkinakis;Kokkinakis Thanasi
Laurendeau, Martin;Active;;
Leach, Rick;Active;;
Lendl, Ivan;Active;;
Levinsky, Jaroslav;Active;;
Lisiecki, Alexandre;Active;;
Ljubicic, Ivan;Active;Roger Federer;Federer Roger
Lopez, Samuel;Active;Pablo Carreno Busta;Carreno Busta Pablo
López, Gonzalo;Active;;
Losmozos, Noe;Active;;
Lucassen, Peter;Active;;
Lugones, Facundo;Active;Cameron Norrie;Norrie Cameron
MacDonald, Alan;Active;Jamie Murray;Murray Jamie
Maclagan, Miles;Active;;
Macpherson, David;Active;John Isner;Isner John
Mancini, Alberto;Active;;
Manjourany Leivas, Tiago;Active;;
Marcaccio, Gustavo;Active;;
Markus, Gabriel;Active;;
Marques, Frederico;Active;Joao Sousa;Sousa Joao
Marshall, Dave;;Benoit Paire;Paire Benoit
Marshall, Dave;Active;Edouard Roger-Vasselin ;Roger-Vasselin  Edouard
Martic, Vedran;Active;Karen Khachanov;Khachanov Karen
Martinez Cascales, Antonio;Active;;
Marx, Guillaume;Active;;
Masur, Wally;Active;;
McCain, Scott;Active;;
Merkel, Mats;Active;;
Meyers, Daniel;Active;Mirza Basic;Basic Mirza
Miguel Vassallo Arguello, Martin;Active;;
Mlendea, Andrei;Active;Marius Copil;Copil Marius
Monachesi, Mariano;Active;;
Moser, Frank;Active;Yannick Hanfmann;Hanfmann Yannick
Mouratoglou, Patrick;Active;;
Moya, Carlos;Active;Rafael Nadal;Nadal Rafael
Moyano, Diego;Active;Kevin Anderson;Anderson Kevin
Nadal, Toni;Active;Felix Auger-Aliassime;Auger-Aliassime Felix
Navratil, Michal;Active;Jiri Lehecka;Lehecka Jiri
Nicolas, Eduardo;Active;;
Norman, Magnus;Active;;
Nuñez, Colon;Active;;
Nystrom, Joakim;Active;Kamil Majchrzak;Majchrzak Kamil
Olguin, Leonardo;Active;;
Oneille, Matias;Active;Juan Pablo Ficovich;Pablo Ficovich Juan
Oneille, Matias;Active;Genaro Alberto Olivieri ;Alberto Olivieri  Genaro
Oresic, Goran;Active;Nikola Mektic;Mektic Nikola
Orsanic, Daniel;Active;;
Oswald, Wolfgang;Active;;
Pashanski, Boris;Active;;
Pavel, Andrei;Active;Stefan Palosi ;Palosi  Stefan
Pavel, Andrei;Active;Nicholas David Ionel;David Ionel Nicholas
Pavel, Andrei;Active;Sebastian Gima;Gima Sebastian
Pelach, Narcis;Active;Alex Marti Pujolras;Marti Pujolras Alex
Pena, Rodrigo;Active;;
Perez-Roldan, Guillermo;Active;;
Perlas, Jose;Active;Dusan Lajovic;Lajovic Dusan
Petrovic, Dejan;Active;Malek Jaziri;Jaziri Malek
Phillips, Morgan;Active;;
Pistolesi, Claudio;Active;Francesco Ferrari;Ferrari Francesco
Pistolesi, Claudio;Active;Ante Pavic  ;Pavic   Ante
Planque, Emmanuel;Active;;
Podalka, Andre;Active;Joao Domingues;Domingues Joao
Popovic, Petar;Active;;
Prieto, Sebastian;Active;Daniel Evans;Evans Daniel
Prodon, Eric;Active;;
Puci, Massimo;Active;Matteo Donati;Donati Matteo
Quaedvlieg, Geert;Active;;
Rasheed, Roger;Active;;
Reader, Jack;Active;;
Rearte, Horacio;Active;;
Ricci, Federico;Active;Emil Ruusuvuori;Ruusuvuori Emil
Riehemann, Burghard;Active;Radu Albot;Albot Radu
Rivas, Guillermo;Active;;
Rodriguez, Patricio;Active;;
Ros, Juan;Active;;
"Rosengren, Fredrik ""Fidde""";Active;;
Russell, Michael;Active;Taylor Fritz;Fritz Taylor
Ruud, Christian;Active;Casper Ruud;Ruud Casper
Sammel, David;Active;Marcus Daniell;Daniell Marcus
Sammel, David;Active;Liam Broady ;Broady  Liam
Sanchez, Emilio;Active;;
Sanguinetti, Davide;Active;Ryan Harrison ;Harrison  Ryan
Sanguinetti, Davide;Active;Go Soeda;Soeda Go
Sanguinetti, Davide;Active;Michael Venus;Venus Michael
Saulnier, Cyril;Active;;
Savio, Facundo;Active;Pablo Cuevas;Cuevas Pablo
Schab, Yoav;Active;;
Schapers, Michiel;Active;;
Schneiter, Andres;Active;Federico Coria;Coria Federico
Serrano, Oscar;Active;;
Singh, Sanjay;Active;;
Smith, Liam;Active;;
Smith, Leon;Active;;
Sobkin, Boris;Active;;
Sorbo, Jon;Active;;
Sorensen, Louk;Active;;
Soumilas, Dennis;Active;;
Spina, Juan Francisco;Active;;
Stepanek, Martin;Active;;
Stine, Brad;Active;Tommy Paul;Paul Tommy
Stoces, Jan;Active;Lukasz Kubot;Kubot Lukasz
Summerer, Tobias;Active;;
Takada, Mitsuru;Active;;
Tavelli, Marco;Active;;
Tavernini, Gustavo;Active;;
Teacher, Brian;Active;;
Tellini, Michele;Active;;
Tideman, Magnus;Active;Radu Albot;Albot Radu
Tiilikainen, Kim;Active;;
Tillstrom, Mikael;Active;;
Torresi, Federico;Active;;
Trifu, Gabriel;Active;;
Tsitsipas, Apostolos;Active;Stefanos Tsitsipas;Tsitsipas Stefanos
Udomchoke, Danai;Active;;
Uebel, Lars;Active;Yannick Hanfmann;Hanfmann Yannick
Uribe-Quintana, Borja;Active;;
Urpi, Gabriel;Active;;
Vacek, Jan;Active;;
Vagnozzi, Simone;Active;Jannik Sinner;Sinner Jannik
Vajda, Marian;Active;;
Vallverdu, Daniel;Active;Stan Wawrinka;Wawrinka Stan
Van Cleemput, Thierry;Active;;
van Hulst, Willem Jan;Active;Bart Stevens;Stevens Bart
van Hulst, Willem Jan;Active;Matwe Middelkoop ;Middelkoop  Matwe
Velthuis, Jan;Active;;
Vemic, Dusan;Active;;
Vendrell Bru, Pepe;Active;Cristian Garin;Garin Cristian
Vicente, Fernando;Active;Andrey Rublev;Rublev Andrey
Villette, Sebastien;Active;Manuel Guinard;Guinard Manuel
Villette, Sebastien;Active;Arthur Rinderknech ;Rinderknech  Arthur
Viloca, Juan Albert;Active;;
Volkov, Alexander;Active;;
Vorster, Kieron;Active;;
Waske, Alexander;Active;Tatsuma Ito;Ito Tatsuma
Weiner, Glenn;Active;;
Williams, Rohan;Active;Alex Bolt;Bolt Alex
Wood, Kent;Active;;
Woodforde, Mark;Active;;
Yoo, Daniel;Active;Soonwoo Kwon;Kwon Soonwoo
Yoon, Yong-il;Active;;
Yunis, Francisco;Active;Daniel Altmaier;Altmaier Daniel
Zverev Sr., Alexander;Active;Alexander Zverev  ;Zverev   Alexander
Zverev Sr., Alexander;Active;Mischa Zverev;Zverev Mischa
